,class,y-box,high,onpix,xy2br
0,0,5,4,4,8
1,0,9,7,6,9
2,0,3,1,2,8
3,0,5,4,3,8
4,0,12,6,4,5
5,0,8,6,5,6
6,0,9,6,2,8
7,0,10,8,8,9
8,0,1,1,1,8
9,0,9,7,4,8
10,0,7,5,4,8
11,0,9,6,8,7
12,0,5,4,4,7
13,0,10,8,6,6
14,0,5,7,4,8
15,0,8,5,2,8
16,0,3,4,2,8
17,0,7,5,4,7
18,0,11,8,6,8
19,0,7,4,2,8
20,0,4,3,3,8
21,0,10,8,7,8
22,0,8,6,4,8
23,0,10,8,7,9
24,0,7,5,6,8
25,0,4,6,2,8
26,0,9,6,7,9
27,0,7,5,5,8
28,0,9,6,7,9
29,0,9,6,7,7
30,0,8,5,2,8
31,0,7,5,5,6
32,0,3,2,2,8
33,0,8,6,6,8
34,0,9,7,7,8
35,0,10,8,8,8
36,0,1,1,1,8
37,0,7,10,7,6
38,0,4,5,2,8
39,0,3,4,2,8
40,0,11,8,3,8
41,0,4,3,3,8
42,0,9,7,7,7
43,0,8,5,2,8
44,0,5,3,3,9
45,0,11,6,3,7
46,0,4,3,3,8
47,0,5,7,4,7
48,0,7,5,4,8
49,0,15,8,7,7
50,0,4,6,4,7
51,0,7,4,2,8
52,0,13,7,4,5
53,0,8,6,8,8
54,0,10,6,4,9
55,0,4,5,2,8
56,0,9,7,5,9
57,0,9,6,2,8
58,0,7,4,2,8
59,0,2,3,4,8
60,0,10,8,8,9
61,0,6,4,5,9
62,0,5,3,3,8
63,0,0,0,0,8
64,0,12,6,5,6
65,0,3,2,2,8
66,0,9,4,3,7
67,0,8,6,6,9
68,0,10,8,5,8
69,0,3,1,2,7
70,0,4,6,5,8
71,0,3,4,2,8
72,0,11,8,3,8
73,0,6,4,2,8
74,0,5,4,4,8
75,0,10,8,6,8
76,0,9,7,7,7
77,0,9,7,6,10
78,0,9,4,3,8
79,0,2,4,3,8
80,0,9,6,2,8
81,0,7,4,2,8
82,0,9,6,4,9
83,0,7,4,2,8
84,0,8,6,5,8
85,0,15,8,5,9
86,0,10,8,10,7
87,0,0,0,0,8
88,0,3,2,2,8
89,0,1,1,2,8
90,0,1,3,2,8
91,0,3,2,2,8
92,0,11,8,8,8
93,0,5,4,4,8
94,0,3,2,3,8
95,0,10,7,3,8
96,0,4,5,2,8
97,0,3,2,2,7
98,0,11,9,10,9
99,0,6,4,2,8
100,0,5,3,3,8
101,0,5,4,4,8
102,0,11,8,7,9
103,0,0,0,0,8
104,0,3,4,4,10
105,0,13,7,5,5
106,0,5,4,3,8
107,0,5,3,3,6
108,0,8,6,7,7
109,0,10,8,7,7
110,0,7,9,5,8
111,0,3,2,2,8
112,0,11,8,7,7
113,0,11,9,7,8
114,0,3,4,2,8
115,0,11,8,3,8
116,0,7,5,3,7
117,0,6,4,2,8
118,0,7,5,5,8
119,0,7,5,3,7
120,0,5,7,3,8
121,0,12,6,4,5
122,0,5,3,3,9
123,0,9,5,4,7
124,0,7,5,3,8
125,0,10,8,5,8
126,0,8,6,5,9
127,0,1,2,2,9
128,0,11,8,10,7
129,0,3,1,2,9
130,0,13,7,5,7
131,0,1,2,2,8
132,0,3,2,3,8
133,0,10,5,5,7
134,0,4,2,3,7
135,0,7,5,4,8
136,0,10,7,8,9
137,0,3,4,2,8
138,0,3,4,2,8
139,0,4,6,4,7
140,0,11,8,3,8
141,0,8,6,7,8
142,0,3,2,2,8
143,0,6,4,5,8
144,0,2,3,3,8
145,0,3,1,2,7
146,0,10,7,3,8
147,0,10,8,8,6
148,0,7,5,5,8
149,0,8,6,5,8
150,0,1,2,2,8
151,0,0,0,0,8
152,0,9,7,7,9
153,0,7,9,8,6
154,0,8,5,2,8
155,0,9,7,8,8
156,0,9,7,4,8
157,0,11,8,5,8
158,0,7,5,4,7
159,0,10,8,6,8
160,0,7,5,5,8
161,0,9,6,2,8
162,0,10,6,3,7
163,0,10,7,10,7
164,0,7,5,2,8
165,0,8,6,5,9
166,0,5,4,4,8
167,0,7,5,5,7
168,0,2,4,3,8
169,0,8,6,7,10
170,0,6,4,1,8
171,0,9,6,6,9
172,0,4,2,2,7
173,0,6,4,4,7
174,0,4,3,3,8
175,0,10,8,9,7
176,0,9,7,4,8
177,0,7,10,8,5
178,0,10,7,2,8
179,0,9,7,8,8
180,0,8,6,5,9
181,0,2,4,4,8
182,0,6,4,3,8
183,0,11,8,9,8
184,0,6,4,4,9
185,0,5,4,4,8
186,0,7,5,4,7
187,0,1,1,2,8
188,0,11,8,10,8
189,0,9,7,7,8
190,0,7,5,2,8
191,0,7,4,2,8
192,0,11,8,3,8
193,0,5,6,4,9
194,0,7,5,4,9
195,0,4,3,3,8
196,0,8,10,7,6
197,0,5,3,3,8
198,0,1,2,3,8
199,0,1,2,2,8
200,0,8,6,7,7
201,0,10,5,5,7
202,0,4,3,3,9
203,0,0,0,0,8
204,0,9,7,7,9
205,0,7,4,2,8
206,0,10,8,6,8
207,0,12,7,5,8
208,0,7,5,4,8
209,0,11,6,5,8
210,0,10,8,7,6
211,0,11,8,8,10
212,0,9,4,3,6
213,0,4,3,4,10
214,0,8,6,6,7
215,0,5,7,3,8
216,0,8,5,2,8
217,0,10,8,7,7
218,0,9,7,5,7
219,0,6,4,1,8
220,0,15,8,6,7
221,0,13,8,5,9
222,0,11,8,8,7
223,0,4,3,3,7
224,0,7,5,6,7
225,0,10,8,10,7
226,0,9,7,8,8
227,0,10,8,5,8
228,0,5,3,3,8
229,0,5,4,3,8
230,0,7,5,6,8
231,0,11,8,6,8
232,0,0,0,0,8
233,0,9,7,5,8
234,0,7,5,4,9
235,0,8,6,8,7
236,0,9,7,6,8
237,0,3,2,2,7
238,0,9,4,4,9
239,0,6,4,1,8
240,0,6,8,6,7
241,0,4,3,3,8
242,0,11,8,10,7
243,0,3,1,2,8
244,0,5,7,3,8
245,0,10,7,3,8
246,0,5,4,4,8
247,0,9,7,6,9
248,0,7,5,4,6
249,0,11,8,8,8
250,0,10,7,3,8
251,0,10,5,4,8
252,0,9,6,2,8
253,0,4,3,3,8
254,0,6,4,2,8
255,0,11,8,6,8
256,0,7,5,5,8
257,0,7,5,4,5
258,0,7,5,4,7
259,0,7,5,8,7
260,0,2,3,3,8
261,0,5,4,3,7
262,0,6,4,4,9
263,0,14,8,5,8
264,0,7,9,7,7
265,0,6,4,5,6
266,0,8,6,6,7
267,0,8,6,6,8
268,0,7,5,4,8
269,0,9,4,3,9
270,0,6,4,5,7
271,0,9,7,5,7
272,0,0,0,0,8
273,0,10,8,7,8
274,0,9,4,4,8
275,0,11,8,10,8
276,0,8,6,5,8
277,0,11,8,3,8
278,0,8,6,4,8
279,0,7,4,2,8
280,0,10,7,3,8
281,0,4,2,2,8
282,0,12,6,4,7
283,0,8,5,2,8
284,0,11,8,3,8
285,0,8,6,6,8
286,0,4,3,2,9
287,0,11,9,9,7
288,0,7,5,5,10
289,0,1,1,1,8
290,0,7,5,5,9
291,0,10,8,7,8
292,0,9,6,7,7
293,0,8,6,6,9
294,0,10,8,7,9
295,0,8,6,5,8
296,0,8,6,4,7
297,0,9,7,7,8
298,0,4,6,2,8
299,0,5,4,4,8
300,0,3,2,3,7
301,0,5,4,4,7
302,0,7,5,5,9
303,0,8,10,7,6
304,0,11,8,10,6
305,0,7,5,4,7
306,0,10,7,6,8
307,0,4,5,2,8
308,0,8,6,7,6
309,0,3,2,2,8
310,0,10,8,6,7
311,0,7,5,5,7
312,0,7,5,4,6
313,0,9,7,8,9
314,0,8,6,4,8
315,0,8,6,6,7
316,0,4,3,3,8
317,0,9,6,4,8
318,0,9,7,5,8
319,0,2,3,2,7
320,0,1,2,2,8
321,0,13,7,5,10
322,0,8,6,5,6
323,0,10,8,11,7
324,0,9,7,4,8
325,0,8,6,6,7
326,0,3,2,3,8
327,0,3,2,2,6
328,0,4,3,3,8
329,0,4,3,3,7
330,0,7,9,7,6
331,0,7,5,2,8
332,0,9,4,3,9
333,0,6,4,2,8
334,0,10,7,5,8
335,0,7,5,6,9
336,0,13,8,5,7
337,0,4,3,3,7
338,0,4,3,3,8
339,0,0,0,0,8
340,0,10,5,5,9
341,0,4,3,3,8
342,0,9,7,5,9
343,0,9,7,6,8
344,0,6,4,4,9
345,0,3,2,2,10
346,0,5,4,3,8
347,0,1,3,3,8
348,0,0,0,0,8
349,0,11,8,7,8
350,0,11,8,10,7
351,0,6,4,1,8
352,0,9,7,5,5
353,0,4,3,3,8
354,0,11,8,7,7
355,0,11,8,8,7
356,0,10,5,4,8
357,0,2,3,3,8
358,0,9,6,2,8
359,0,10,7,2,8
360,0,9,6,6,8
361,0,14,8,6,6
362,0,4,2,2,8
363,0,7,4,2,8
364,0,6,8,3,8
365,0,3,4,2,8
366,0,3,4,2,8
367,0,13,8,6,8
368,0,2,4,3,8
369,0,3,2,2,8
370,0,9,7,6,8
371,0,9,7,8,8
372,0,8,5,2,8
373,0,7,5,5,8
374,0,9,7,5,6
375,0,8,5,2,8
376,0,5,7,6,6
377,0,2,3,3,7
378,0,6,4,4,8
379,0,0,0,0,8
380,0,11,8,7,8
381,0,1,2,2,8
382,0,3,4,1,8
383,0,5,4,3,7
384,0,10,7,9,8
385,0,5,6,3,8
386,0,7,5,4,5
387,0,8,6,4,7
388,0,10,7,3,8
389,0,9,7,7,8
390,0,10,8,7,7
391,0,10,8,7,8
392,0,4,6,2,8
393,0,4,3,3,7
394,0,6,4,4,10
395,0,0,1,0,8
396,0,6,8,3,8
397,0,8,6,4,8
398,0,10,7,8,8
399,0,11,6,5,8
400,0,4,6,2,8
401,0,7,4,2,8
402,0,6,4,6,7
403,0,10,5,5,9
404,0,10,8,7,5
405,0,9,7,6,8
406,0,7,5,4,9
407,0,10,5,3,7
408,0,12,7,6,7
409,0,10,7,3,8
410,0,9,6,8,6
411,0,0,0,0,8
412,0,7,5,4,7
413,0,6,4,5,7
414,0,1,1,2,8
415,0,11,8,3,8
416,0,8,6,5,7
417,0,3,2,2,8
418,0,5,7,6,6
419,0,8,5,2,8
420,0,5,8,5,7
421,0,9,7,8,8
422,0,0,0,0,8
423,0,13,7,6,8
424,0,11,8,9,8
425,0,10,8,7,7
426,0,7,5,5,7
427,0,6,4,3,8
428,0,8,6,5,8
429,0,8,6,2,8
430,0,8,6,6,8
431,0,7,5,2,8
432,0,6,4,4,8
433,0,8,6,7,7
434,0,5,4,4,8
435,0,0,0,0,8
436,0,7,5,4,9
437,0,5,3,3,8
438,0,4,2,2,7
439,0,3,2,2,8
440,0,4,3,2,8
441,0,10,8,10,8
442,0,3,2,2,8
443,0,11,8,8,7
444,0,10,7,9,7
445,0,10,8,8,8
446,0,8,6,7,7
447,0,13,8,7,7
448,0,6,4,5,8
449,0,5,4,3,8
450,0,8,6,5,8
451,0,1,2,2,6
452,0,7,10,6,5
453,0,5,7,4,9
454,0,8,6,7,9
455,0,0,1,0,8
456,0,9,7,5,10
457,0,6,4,4,6
458,0,1,3,2,8
459,0,3,1,2,9
460,0,7,5,5,10
461,0,4,6,4,6
462,0,7,9,6,8
463,0,11,8,6,11
464,0,8,6,6,10
465,0,7,5,2,8
466,0,9,7,6,6
467,0,4,3,3,8
468,0,5,4,4,8
469,0,10,7,2,8
470,0,6,4,2,8
471,0,1,2,3,8
472,0,9,6,8,8
473,0,3,4,2,8
474,0,6,4,3,8
475,0,5,3,3,8
476,0,6,4,3,8
477,0,11,8,9,10
478,0,1,2,2,9
479,0,9,4,3,9
480,0,3,1,2,9
481,0,3,1,2,7
482,0,6,4,5,7
483,0,3,2,2,8
484,0,10,5,5,7
485,0,7,5,4,5
486,0,3,1,2,8
487,0,5,3,3,8
488,0,2,3,3,8
489,0,8,6,5,6
490,0,7,4,2,8
491,0,4,3,2,8
492,0,9,6,2,8
493,0,6,4,5,7
494,0,9,7,7,8
495,0,5,7,2,8
496,0,8,6,6,7
497,0,7,5,5,8
498,0,11,8,9,8
499,0,8,6,5,7
500,0,1,1,2,10
501,0,0,0,0,8
502,0,5,6,5,7
503,0,6,4,4,11
504,0,2,3,2,10
505,0,3,4,2,8
506,0,5,4,4,7
507,0,5,8,6,6
508,0,10,7,7,9
509,0,9,6,5,11
510,0,3,2,2,8
511,0,10,8,7,7
512,0,3,2,2,8
513,0,8,6,3,8
514,0,5,7,5,7
515,0,6,4,2,8
516,0,7,5,3,9
517,0,1,2,2,8
518,0,8,6,4,6
519,0,6,4,4,9
520,0,5,3,4,8
521,0,9,6,2,8
522,0,9,7,6,7
523,0,7,5,5,8
524,0,1,3,2,8
525,0,7,5,7,7
526,0,7,5,6,7
527,0,2,3,3,8
528,0,1,2,3,8
529,0,11,8,3,8
530,0,7,5,3,9
531,0,2,4,4,8
532,0,9,6,5,8
533,0,6,4,4,9
534,0,8,6,3,8
535,0,4,6,2,8
536,0,10,7,3,8
537,0,1,1,1,8
538,0,11,8,8,8
539,0,11,8,9,7
540,0,4,2,3,8
541,0,5,6,3,8
542,0,8,5,2,8
543,0,6,4,3,8
544,0,7,5,4,9
545,0,4,6,2,8
546,0,3,4,2,8
547,0,3,2,2,7
548,0,3,5,2,8
549,0,1,1,1,8
550,0,4,2,2,8
551,0,9,6,2,8
552,0,9,6,8,8
553,0,7,9,7,8
554,0,1,2,2,7
555,0,11,9,5,8
556,0,10,8,6,7
557,0,8,10,9,7
558,0,6,4,4,8
559,0,11,8,9,7
560,0,3,2,2,8
561,0,6,4,2,8
562,0,4,3,2,7
563,0,2,4,4,7
564,0,9,7,9,6
565,0,6,8,6,6
566,0,9,7,4,8
567,0,1,1,1,8
568,0,7,5,3,8
569,0,15,8,5,4
570,0,12,6,4,10
571,0,8,6,5,7
572,0,1,2,2,8
573,0,9,5,4,8
574,0,10,7,3,8
575,0,5,7,2,8
576,0,7,5,5,9
577,0,7,5,4,9
578,0,11,8,7,9
579,0,9,7,4,8
580,0,0,0,0,8
581,0,7,4,2,8
582,0,8,10,9,6
583,0,8,6,6,8
584,0,7,5,4,9
585,0,3,4,2,8
586,0,7,4,2,8
587,0,6,4,1,8
588,0,6,4,5,7
589,0,11,8,8,8
590,0,3,2,2,8
591,0,4,6,5,6
592,0,7,5,3,8
593,0,8,6,4,8
594,0,7,5,5,8
595,0,8,10,9,6
596,0,8,6,6,8
597,0,5,4,4,9
598,0,10,8,9,8
599,0,6,4,5,7
600,0,5,7,5,7
601,0,7,5,4,9
602,0,11,8,3,8
603,0,8,6,6,8
604,0,5,4,4,8
605,0,13,7,4,5
606,0,8,6,5,6
607,0,11,8,7,7
608,0,9,4,3,5
609,0,7,5,5,8
610,0,10,7,3,8
611,0,8,6,7,8
612,0,5,7,3,8
613,0,0,0,0,8
614,0,3,1,2,8
615,0,8,6,7,7
616,0,0,1,0,8
617,0,10,8,7,5
618,0,9,7,4,8
619,0,6,4,3,7
620,0,2,3,2,8
621,0,4,3,3,8
622,0,11,8,8,7
623,0,4,5,2,8
624,0,4,3,3,8
625,0,9,7,7,7
626,0,3,2,2,8
627,0,11,8,7,8
628,0,0,0,0,8
629,0,7,5,6,7
630,0,5,4,4,8
631,0,13,7,6,7
632,0,1,2,2,8
633,0,11,8,6,6
634,0,9,6,6,9
635,0,10,5,4,5
636,0,1,2,2,8
637,0,11,8,6,7
638,0,9,6,7,8
639,0,7,5,5,8
640,0,10,8,9,9
641,0,9,6,3,8
642,0,14,8,5,7
643,0,5,4,4,8
644,0,7,5,4,8
645,0,6,4,6,8
646,0,11,9,8,7
647,0,4,3,3,8
648,0,8,5,2,8
649,0,10,6,5,7
650,0,9,7,7,7
651,0,4,6,2,8
652,0,7,5,4,8
653,0,7,5,4,8
654,0,7,5,6,7
655,0,3,2,2,8
656,0,7,5,6,7
657,0,15,8,5,9
658,0,4,2,2,8
659,0,8,5,2,8
660,0,8,6,4,8
661,0,6,4,5,7
662,0,4,5,2,8
663,0,11,8,3,8
664,0,11,8,6,8
665,0,6,8,6,6
666,0,14,8,4,6
667,0,9,7,4,8
668,0,6,4,4,8
669,0,11,8,7,8
670,0,2,4,3,8
671,0,15,8,7,10
672,0,7,5,6,8
673,0,4,6,4,8
674,0,10,8,5,7
675,0,2,4,4,8
676,0,10,8,5,8
677,0,7,5,4,9
678,0,0,0,0,8
679,0,8,6,3,8
680,0,12,6,4,9
681,0,11,8,10,7
682,0,11,8,7,8
683,0,6,4,4,7
684,0,10,7,3,8
685,0,9,7,7,9
686,0,5,4,3,8
687,0,6,4,4,8
688,0,9,6,5,9
689,0,9,7,8,8
690,0,10,8,8,8
691,0,0,0,0,8
692,0,11,8,8,9
693,0,1,1,1,8
694,0,8,6,5,10
695,0,2,3,3,7
696,0,4,2,2,9
697,0,7,5,4,8
698,0,0,0,0,8
699,0,7,5,4,8
700,0,5,7,3,8
701,0,5,8,3,8
702,0,5,4,4,6
703,0,4,6,4,9
704,0,7,5,4,9
705,0,10,8,6,7
706,0,2,4,4,6
707,0,9,7,8,9
708,0,9,4,4,8
709,0,4,3,3,8
710,0,5,3,3,8
711,0,6,4,3,7
712,0,2,4,4,8
713,0,5,7,3,8
714,0,4,3,3,8
715,0,7,5,5,8
716,0,5,4,4,8
717,0,7,5,5,8
718,0,14,8,8,9
719,0,12,6,4,9
720,0,6,4,5,7
721,0,4,3,3,9
722,0,9,6,5,9
723,0,2,3,3,8
724,0,9,5,4,8
725,0,0,0,0,8
726,0,5,7,3,8
727,0,7,5,5,10
728,0,11,8,9,10
729,0,9,7,6,7
730,0,7,5,4,9
731,0,7,5,6,8
732,0,8,6,4,7
733,0,7,5,5,7
734,1,12,6,3,8
735,1,11,8,5,10
736,1,9,6,7,8
737,1,10,8,9,7
738,1,7,5,4,12
739,1,13,7,5,10
740,1,6,4,4,9
741,1,5,8,2,12
742,1,11,8,5,9
743,1,14,8,4,10
744,1,10,8,8,8
745,1,7,5,5,11
746,1,9,8,8,9
747,1,9,7,2,12
748,1,13,7,4,9
749,1,10,8,7,7
750,1,6,4,5,8
751,1,9,6,6,10
752,1,1,2,2,11
753,1,11,8,8,9
754,1,3,2,2,8
755,1,11,8,2,11
756,1,4,6,2,11
757,1,0,0,0,10
758,1,7,5,3,9
759,1,9,7,8,7
760,1,3,2,2,10
761,1,9,6,9,9
762,1,4,3,3,9
763,1,5,4,4,10
764,1,9,6,5,9
765,1,13,7,4,11
766,1,8,6,3,9
767,1,9,7,7,9
768,1,2,3,3,11
769,1,11,8,7,11
770,1,6,4,4,8
771,1,8,6,5,11
772,1,11,8,7,8
773,1,8,6,5,10
774,1,8,6,5,9
775,1,15,8,4,8
776,1,7,5,5,8
777,1,15,8,5,11
778,1,9,7,7,11
779,1,9,6,5,9
780,1,8,6,7,8
781,1,11,8,2,11
782,1,4,2,2,11
783,1,0,0,0,10
784,1,1,2,2,10
785,1,4,3,3,10
786,1,2,3,3,11
787,1,10,7,6,9
788,1,11,8,2,12
789,1,7,5,2,11
790,1,0,0,0,10
791,1,5,4,4,10
792,1,9,8,8,8
793,1,10,8,4,12
794,1,5,4,3,10
795,1,9,7,5,9
796,1,6,4,3,10
797,1,6,4,5,8
798,1,7,5,5,9
799,1,10,7,8,9
800,1,7,5,4,11
801,1,1,3,2,10
802,1,13,8,4,8
803,1,10,8,6,10
804,1,1,1,1,11
805,1,9,7,4,10
806,1,2,3,3,10
807,1,6,4,2,10
808,1,11,8,2,12
809,1,9,7,4,11
810,1,5,8,2,11
811,1,10,8,5,11
812,1,2,4,3,10
813,1,15,9,5,10
814,1,10,7,2,12
815,1,5,4,4,10
816,1,8,6,7,8
817,1,10,8,5,11
818,1,9,8,9,9
819,1,9,8,10,8
820,1,10,7,2,11
821,1,6,4,5,8
822,1,7,5,5,9
823,1,10,7,6,10
824,1,5,4,3,10
825,1,10,5,3,9
826,1,3,2,2,10
827,1,7,5,5,7
828,1,10,7,6,8
829,1,2,4,3,11
830,1,5,7,2,11
831,1,7,5,3,10
832,1,11,8,2,11
833,1,5,4,3,13
834,1,6,4,1,11
835,1,7,5,4,11
836,1,4,2,3,9
837,1,10,7,2,11
838,1,10,8,6,10
839,1,9,6,5,9
840,1,11,8,7,8
841,1,8,6,4,10
842,1,12,6,5,9
843,1,1,1,0,11
844,1,6,4,1,11
845,1,8,6,2,11
846,1,4,3,3,11
847,1,1,1,1,10
848,1,9,7,2,12
849,1,0,1,0,11
850,1,0,0,0,10
851,1,9,7,8,8
852,1,0,1,0,11
853,1,1,2,2,11
854,1,5,3,4,10
855,1,2,3,2,11
856,1,5,4,4,9
857,1,9,6,6,9
858,1,9,5,3,9
859,1,10,7,2,11
860,1,9,5,2,11
861,1,8,6,4,8
862,1,9,6,2,11
863,1,6,4,4,11
864,1,3,1,1,10
865,1,1,2,2,9
866,1,8,6,5,10
867,1,8,6,2,11
868,1,7,5,5,11
869,1,7,5,5,8
870,1,9,6,3,12
871,1,10,8,6,8
872,1,5,5,5,8
873,1,12,7,4,6
874,1,9,5,3,11
875,1,9,7,10,9
876,1,0,0,0,10
877,1,11,8,8,11
878,1,8,6,4,13
879,1,8,6,4,10
880,1,6,4,5,10
881,1,10,5,3,7
882,1,9,7,6,12
883,1,4,6,2,11
884,1,4,3,3,10
885,1,8,6,2,11
886,1,6,5,6,9
887,1,9,8,9,8
888,1,13,7,4,6
889,1,9,6,2,11
890,1,7,5,1,11
891,1,9,7,2,11
892,1,11,8,5,10
893,1,11,8,8,8
894,1,6,4,3,11
895,1,9,4,3,10
896,1,7,5,4,10
897,1,10,8,4,12
898,1,4,3,3,9
899,1,8,6,5,11
900,1,8,6,2,11
901,1,12,7,4,11
902,1,12,7,4,5
903,1,3,1,1,10
904,1,10,8,6,11
905,1,8,7,7,8
906,1,11,8,3,11
907,1,9,7,7,10
908,1,7,5,4,10
909,1,6,4,4,11
910,1,9,7,7,9
911,1,4,6,2,11
912,1,14,8,6,12
913,1,4,3,2,11
914,1,11,8,7,8
915,1,9,7,9,8
916,1,7,5,6,8
917,1,13,7,4,6
918,1,10,8,6,8
919,1,11,8,7,10
920,1,0,0,0,11
921,1,5,7,2,11
922,1,9,5,4,9
923,1,3,1,2,9
924,1,1,1,1,10
925,1,11,8,6,9
926,1,13,7,5,7
927,1,3,2,1,10
928,1,5,8,2,11
929,1,10,5,3,9
930,1,6,4,4,9
931,1,10,8,4,11
932,1,7,5,5,8
933,1,4,5,1,11
934,1,4,3,3,11
935,1,10,7,5,12
936,1,3,4,1,11
937,1,14,8,4,7
938,1,11,8,10,7
939,1,15,8,6,10
940,1,9,7,6,8
941,1,5,4,3,10
942,1,5,7,2,11
943,1,4,3,3,8
944,1,8,6,5,10
945,1,9,6,6,10
946,1,0,1,0,11
947,1,10,8,4,12
948,1,5,4,3,11
949,1,10,8,9,10
950,1,6,8,3,11
951,1,7,5,5,9
952,1,9,6,7,9
953,1,8,6,5,10
954,1,9,6,6,11
955,1,6,4,5,8
956,1,1,1,0,11
957,1,5,4,3,10
958,1,8,6,5,11
959,1,7,4,1,11
960,1,0,0,0,10
961,1,6,4,4,10
962,1,3,2,2,10
963,1,1,3,2,10
964,1,8,6,6,9
965,1,9,7,7,8
966,1,9,4,3,8
967,1,10,8,10,9
968,1,2,4,3,10
969,1,5,7,2,11
970,1,8,6,4,11
971,1,1,3,3,10
972,1,10,5,3,9
973,1,10,8,8,12
974,1,7,5,6,8
975,1,5,4,3,10
976,1,9,7,7,9
977,1,11,6,4,11
978,1,7,6,7,9
979,1,10,8,9,6
980,1,3,2,2,11
981,1,6,4,3,9
982,1,9,7,6,10
983,1,10,8,4,12
984,1,5,4,4,11
985,1,7,5,4,8
986,1,7,5,6,8
987,1,7,5,4,11
988,1,11,8,6,12
989,1,10,7,2,11
990,1,7,4,2,11
991,1,4,3,3,8
992,1,3,2,2,11
993,1,3,2,2,10
994,1,5,3,2,9
995,1,9,7,4,12
996,1,7,5,5,9
997,1,4,3,3,10
998,1,3,1,2,10
999,1,7,5,4,10
1000,1,7,5,4,10
1001,1,6,5,4,8
1002,1,10,8,6,10
1003,1,9,6,7,9
1004,1,9,7,4,12
1005,1,10,8,5,12
1006,1,9,7,6,10
1007,1,10,7,6,12
1008,1,4,3,2,10
1009,1,5,4,4,8
1010,1,3,1,1,10
1011,1,8,6,2,11
1012,1,5,3,3,10
1013,1,10,7,9,9
1014,1,9,6,8,8
1015,1,5,3,3,11
1016,1,8,6,5,11
1017,1,8,6,6,9
1018,1,3,2,2,9
1019,1,6,4,1,11
1020,1,9,7,4,9
1021,1,5,4,4,9
1022,1,3,5,1,11
1023,1,9,7,6,13
1024,1,8,6,4,8
1025,1,5,8,2,11
1026,1,4,6,2,11
1027,1,7,5,5,10
1028,1,0,0,0,10
1029,1,1,1,0,11
1030,1,6,4,4,9
1031,1,9,6,2,11
1032,1,1,1,0,10
1033,1,6,6,5,9
1034,1,8,6,3,11
1035,1,7,5,3,11
1036,1,7,5,4,9
1037,1,5,4,3,11
1038,1,9,6,5,10
1039,1,6,4,3,11
1040,1,3,2,2,11
1041,1,14,8,5,8
1042,1,14,8,4,8
1043,1,8,6,7,8
1044,1,10,8,7,11
1045,1,10,8,7,8
1046,1,2,4,3,11
1047,1,9,8,8,9
1048,1,4,3,3,10
1049,1,7,5,3,10
1050,1,4,3,3,8
1051,1,7,5,6,7
1052,1,12,7,4,5
1053,1,8,6,4,9
1054,1,9,7,5,8
1055,1,3,1,2,10
1056,1,7,5,2,12
1057,1,5,4,3,11
1058,1,5,4,3,9
1059,1,9,5,3,11
1060,1,7,5,4,13
1061,1,11,6,4,9
1062,1,5,4,3,10
1063,1,9,6,8,6
1064,1,3,2,2,10
1065,1,9,6,5,12
1066,1,4,7,2,11
1067,1,2,4,2,11
1068,1,9,7,7,9
1069,1,1,2,2,11
1070,1,6,5,5,9
1071,1,3,2,2,10
1072,1,3,1,1,10
1073,1,5,4,4,11
1074,1,7,5,4,12
1075,1,9,4,3,7
1076,1,9,6,6,9
1077,1,9,7,5,9
1078,1,7,4,1,11
1079,1,7,5,3,10
1080,1,7,5,3,10
1081,1,4,3,2,10
1082,1,5,3,3,10
1083,1,3,2,2,9
1084,1,8,6,6,13
1085,1,7,5,3,11
1086,1,10,8,9,8
1087,1,1,2,0,11
1088,1,3,2,2,11
1089,1,1,1,2,10
1090,1,11,8,5,8
1091,1,11,8,5,12
1092,1,4,3,2,9
1093,1,1,2,2,10
1094,1,8,6,3,11
1095,1,9,7,8,9
1096,1,1,2,1,11
1097,1,12,6,3,8
1098,1,9,7,2,12
1099,1,7,5,4,11
1100,1,5,7,2,11
1101,1,10,7,6,8
1102,1,9,7,6,8
1103,1,1,2,1,11
1104,1,2,4,3,10
1105,1,9,4,2,7
1106,1,10,5,5,8
1107,1,10,8,9,9
1108,1,9,7,5,10
1109,1,11,9,7,10
1110,1,7,5,4,11
1111,1,15,8,5,11
1112,1,5,3,4,11
1113,1,9,7,5,8
1114,1,6,4,1,11
1115,1,10,8,8,7
1116,1,3,1,2,11
1117,1,10,8,2,11
1118,1,11,8,6,10
1119,1,4,3,2,11
1120,1,11,8,5,12
1121,1,7,5,4,12
1122,1,7,6,5,9
1123,1,1,1,2,11
1124,1,11,8,7,9
1125,1,15,9,6,10
1126,1,8,6,4,7
1127,1,13,7,5,7
1128,1,7,4,1,11
1129,1,15,8,5,7
1130,1,9,7,4,11
1131,1,4,3,3,11
1132,1,7,5,5,10
1133,1,3,1,2,10
1134,1,14,8,4,7
1135,1,11,8,10,9
1136,1,5,3,3,11
1137,1,11,8,6,12
1138,1,9,4,2,10
1139,1,10,8,2,11
1140,1,5,4,3,9
1141,1,9,7,5,12
1142,1,2,4,1,11
1143,1,7,5,4,8
1144,1,7,5,1,11
1145,1,7,4,1,11
1146,1,10,8,6,9
1147,1,4,2,2,11
1148,1,3,2,2,9
1149,1,9,7,9,9
1150,1,7,5,2,11
1151,1,9,6,2,11
1152,1,9,8,7,8
1153,1,13,7,4,10
1154,1,7,6,6,9
1155,1,3,2,2,8
1156,1,8,7,7,8
1157,1,10,5,3,9
1158,1,8,6,4,10
1159,1,7,5,5,10
1160,1,3,2,2,10
1161,1,10,7,5,11
1162,1,10,7,2,11
1163,1,9,7,6,9
1164,1,14,8,5,6
1165,1,9,6,2,11
1166,1,10,8,6,9
1167,1,13,7,5,8
1168,1,10,7,8,8
1169,1,3,2,2,10
1170,1,0,0,0,11
1171,1,8,6,8,8
1172,1,13,7,4,9
1173,1,1,2,2,11
1174,1,6,4,4,8
1175,1,7,5,5,11
1176,1,8,6,2,12
1177,1,11,8,3,11
1178,1,6,4,6,8
1179,1,8,6,4,9
1180,1,4,3,3,10
1181,1,9,6,2,11
1182,1,9,5,4,11
1183,1,14,8,4,7
1184,1,9,4,4,7
1185,1,7,5,4,11
1186,1,9,6,5,10
1187,1,7,5,5,9
1188,1,10,8,7,9
1189,1,6,5,4,8
1190,1,10,8,6,10
1191,1,8,6,4,8
1192,1,6,6,6,8
1193,1,3,5,1,11
1194,1,4,3,3,10
1195,1,9,6,5,8
1196,1,11,8,6,9
1197,1,1,1,0,11
1198,1,7,5,4,11
1199,1,5,7,2,11
1200,1,6,4,3,11
1201,1,10,8,5,11
1202,1,7,6,5,9
1203,1,9,7,2,12
1204,1,9,7,5,12
1205,1,2,3,3,10
1206,1,2,4,3,11
1207,1,9,7,7,12
1208,1,10,8,6,10
1209,1,10,8,6,8
1210,1,2,3,3,11
1211,1,10,8,7,12
1212,1,7,5,5,9
1213,1,11,8,2,11
1214,1,8,6,6,10
1215,1,8,6,3,11
1216,1,7,6,5,8
1217,1,4,3,3,10
1218,1,10,5,3,9
1219,1,8,6,4,12
1220,1,7,5,2,11
1221,1,10,8,8,8
1222,1,9,7,4,12
1223,1,11,8,6,11
1224,1,11,8,5,12
1225,1,1,2,1,11
1226,1,6,4,3,10
1227,1,12,7,5,9
1228,1,6,4,3,11
1229,1,6,4,3,8
1230,1,10,7,6,10
1231,1,6,4,1,11
1232,1,9,6,6,12
1233,1,4,3,2,11
1234,1,4,6,2,11
1235,1,8,6,4,12
1236,1,0,0,0,10
1237,1,11,8,9,9
1238,1,5,4,3,11
1239,1,10,8,8,8
1240,1,15,8,6,9
1241,1,9,7,4,11
1242,1,3,2,2,10
1243,1,9,6,2,11
1244,1,9,6,2,11
1245,1,8,6,4,11
1246,1,9,6,2,11
1247,1,6,4,5,10
1248,1,1,1,0,11
1249,1,4,3,2,9
1250,1,5,4,5,8
1251,1,12,7,3,8
1252,1,3,2,2,10
1253,1,4,6,2,11
1254,1,9,4,3,9
1255,1,12,6,3,10
1256,1,8,6,4,10
1257,1,3,1,2,11
1258,1,11,8,2,11
1259,1,4,6,2,11
1260,1,3,1,2,10
1261,1,8,6,4,11
1262,1,11,8,7,12
1263,1,9,7,5,10
1264,1,11,8,9,8
1265,1,4,3,2,9
1266,1,9,7,6,12
1267,1,4,6,2,11
1268,1,1,1,0,11
1269,1,15,8,5,12
1270,1,9,7,6,12
1271,1,9,7,7,9
1272,1,7,5,3,10
1273,1,0,0,0,11
1274,1,9,7,7,8
1275,1,7,5,2,11
1276,1,5,4,3,11
1277,1,0,0,0,11
1278,1,5,3,3,10
1279,1,8,7,7,8
1280,1,5,3,3,11
1281,1,6,4,1,11
1282,1,11,6,3,8
1283,1,8,6,5,9
1284,1,5,4,3,11
1285,1,3,4,1,11
1286,1,7,5,5,11
1287,1,10,5,3,6
1288,1,6,8,2,12
1289,1,9,6,5,11
1290,1,12,6,5,7
1291,1,6,4,4,9
1292,1,5,3,3,11
1293,1,11,9,6,8
1294,1,10,8,8,10
1295,1,9,7,5,11
1296,1,8,6,5,11
1297,1,10,8,6,10
1298,1,6,4,5,7
1299,1,10,8,8,9
1300,1,9,6,5,8
1301,1,5,4,3,11
1302,1,3,2,2,9
1303,1,11,8,3,11
1304,1,13,8,4,6
1305,1,0,1,0,11
1306,1,15,8,4,9
1307,1,4,3,3,11
1308,1,2,3,2,11
1309,1,13,7,6,11
1310,1,1,1,0,11
1311,1,4,6,2,11
1312,1,7,5,5,11
1313,1,8,7,5,8
1314,1,3,2,2,10
1315,1,10,7,5,8
1316,1,8,7,6,8
1317,1,11,8,5,10
1318,1,7,6,6,8
1319,1,7,5,6,9
1320,1,7,5,4,10
1321,1,4,3,2,10
1322,1,15,8,4,10
1323,1,5,3,4,10
1324,1,4,2,2,11
1325,1,7,5,3,11
1326,1,3,2,2,8
1327,1,11,8,2,11
1328,1,6,4,5,9
1329,1,6,4,2,11
1330,1,11,8,9,7
1331,1,8,6,8,9
1332,1,5,4,3,11
1333,1,7,5,5,9
1334,1,6,4,5,8
1335,1,4,5,2,11
1336,1,3,4,1,11
1337,1,9,7,5,10
1338,1,6,4,3,10
1339,1,10,8,7,11
1340,1,8,5,2,11
1341,1,7,6,6,9
1342,1,5,4,3,11
1343,1,9,7,9,8
1344,1,9,8,7,8
1345,1,4,3,2,11
1346,1,12,6,4,8
1347,1,10,7,5,12
1348,1,5,4,3,9
1349,1,7,5,3,9
1350,1,9,8,6,8
1351,1,8,6,5,10
1352,1,10,8,7,12
1353,1,10,7,2,11
1354,1,9,7,2,12
1355,1,4,3,3,9
1356,1,8,6,4,11
1357,1,10,8,7,7
1358,1,8,5,2,11
1359,1,11,8,5,12
1360,1,13,7,4,6
1361,1,8,7,7,8
1362,1,10,8,7,9
1363,1,5,4,4,10
1364,1,12,6,4,6
1365,1,8,7,7,9
1366,1,7,5,2,11
1367,1,6,4,3,10
1368,1,9,4,3,7
1369,1,11,8,2,11
1370,1,9,7,9,8
1371,1,11,8,5,11
1372,1,0,0,0,11
1373,1,9,7,7,7
1374,1,9,7,6,9
1375,1,5,8,2,11
1376,1,5,4,3,10
1377,1,11,8,6,12
1378,1,9,6,6,7
1379,1,10,8,7,7
1380,1,9,7,6,10
1381,1,8,6,5,9
1382,1,8,6,4,11
1383,1,9,6,7,8
1384,1,10,7,7,11
1385,1,8,6,4,11
1386,1,9,7,8,8
1387,1,10,8,6,8
1388,1,3,2,2,9
1389,1,4,6,2,11
1390,1,0,1,0,11
1391,1,11,8,5,11
1392,1,11,8,2,11
1393,1,0,0,0,10
1394,1,3,2,2,10
1395,1,1,2,2,10
1396,1,5,4,3,11
1397,1,1,2,3,10
1398,1,11,8,6,8
1399,1,7,5,4,10
1400,1,10,7,6,8
1401,1,1,2,2,10
1402,1,12,7,5,8
1403,1,10,6,3,12
1404,1,9,7,5,10
1405,1,6,9,2,12
1406,1,11,6,4,6
1407,1,9,7,6,10
1408,1,4,3,2,10
1409,1,5,3,3,11
1410,1,10,7,7,11
1411,1,10,8,6,10
1412,1,3,5,1,11
1413,1,9,6,2,11
1414,1,12,6,4,9
1415,1,10,8,5,10
1416,1,6,5,5,8
1417,1,3,2,2,10
1418,1,3,5,2,12
1419,1,1,2,2,10
1420,1,9,7,6,10
1421,1,5,3,2,10
1422,1,8,7,7,8
1423,1,8,6,2,11
1424,1,8,6,6,7
1425,1,4,3,2,10
1426,1,10,8,8,10
1427,1,6,4,1,11
1428,1,6,4,3,12
1429,1,10,8,5,11
1430,1,15,8,6,12
1431,1,14,8,4,9
1432,1,9,6,2,11
1433,1,0,0,0,11
1434,1,6,4,3,7
1435,1,8,6,3,11
1436,1,5,4,3,11
1437,1,11,8,5,11
1438,1,10,5,4,8
1439,1,5,8,2,12
1440,1,9,7,7,7
1441,1,7,6,6,8
1442,1,11,8,7,11
1443,1,9,6,7,8
1444,1,8,6,6,8
1445,1,9,6,4,12
1446,1,6,4,1,11
1447,1,2,3,3,11
1448,1,4,3,3,9
1449,1,11,8,8,8
1450,1,6,4,1,11
1451,1,7,4,1,11
1452,1,8,6,3,10
1453,1,4,3,2,11
1454,1,6,4,4,9
1455,1,11,8,10,9
1456,1,10,5,3,5
1457,1,12,7,3,7
1458,1,11,8,3,11
1459,1,13,8,4,10
1460,1,6,4,4,7
1461,1,9,7,6,8
1462,1,9,6,6,10
1463,1,8,6,6,7
1464,1,8,6,4,8
1465,1,8,6,3,11
1466,1,4,2,2,10
1467,1,7,6,5,9
1468,1,9,5,4,11
1469,1,9,4,2,9
1470,1,14,8,5,7
1471,1,1,3,3,11
1472,1,11,8,5,11
